account_id,company,segment
1,Jones-Marshall,SMB
2,Jones PLC,SMB
3,Patterson-Zuniga,Mid-Market
4,Cruz Group,Enterprise
5,Durham Inc,SMB
6,Rodriguez-Hines,Mid-Market
7,Alexander and Sons,SMB
8,"James, Schmidt and Perry",Enterprise
9,"Taylor, Hodge and Mendoza",Mid-Market
10,Smith-Garza,Mid-Market
11,Rodriguez Inc,Enterprise
12,Pace Ltd,Enterprise
13,"Green, Franco and Bush",Enterprise
14,Stewart Ltd,SMB
15,Brown-Brown,Enterprise
16,"Gonzales, Bradley and Brown",Mid-Market
17,Fitzgerald-Fisher,Enterprise
18,Garza and Sons,Enterprise
19,Thomas LLC,Mid-Market
20,Clarke-Hansen,Enterprise
21,"Torres, Alvarez and Eaton",Enterprise
22,Byrd LLC,Enterprise
23,Bonilla-Bridges,Enterprise
24,Curtis Group,Mid-Market
25,"Jenkins, Rodriguez and Alexander",Enterprise
26,"Miller, Zimmerman and Evans",SMB
27,"Robertson, Phillips and Morton",SMB
28,Scott LLC,Mid-Market
29,Mcneil-Medina,Enterprise
30,Kennedy and Sons,SMB
31,"Nielsen, Smith and Carter",Mid-Market
32,James Group,Enterprise
33,Mayer and Sons,SMB
34,Murray-Barton,SMB
35,"Cooper, Adams and Landry",Mid-Market
36,Oliver Ltd,Enterprise
37,Hall-Davis,Enterprise
38,"Castillo, Garrett and Alvarez",Enterprise
39,Hodge Group,Mid-Market
40,"Elliott, Clark and Dixon",Mid-Market
41,"Ford, Lewis and Cannon",Mid-Market
42,Miller-Hill,Enterprise
43,Vasquez-Gonzales,SMB
44,"Miller, Jones and Miller",Mid-Market
45,Beck Ltd,Mid-Market
46,Hill-Dennis,SMB
47,"Mcmillan, Carr and Davis",Enterprise
48,Munoz-Butler,Enterprise
49,Hunt-Erickson,Mid-Market
50,Jacobson PLC,Mid-Market
51,"Reid, Lyons and Sanchez",SMB
52,Patterson-Williams,Enterprise
53,Henderson-Smith,Mid-Market
54,Green Ltd,Enterprise
55,"Aguilar, Bradley and Morrison",Mid-Market
56,Jones-Gibson,SMB
57,Gilbert Ltd,Enterprise
58,Horne-Leonard,SMB
59,"Johnson, Hernandez and Harrison",SMB
60,Becker-Hall,SMB
61,Cox-Kidd,Mid-Market
62,Woodard-Moore,Enterprise
63,Lopez-Nguyen,Mid-Market
64,"Smith, Bowman and Stanton",Mid-Market
65,"Black, Williams and Klein",SMB
66,Day Inc,SMB
67,Gomez Group,Mid-Market
68,"Russell, Reeves and Molina",Mid-Market
69,Bright-Davis,Enterprise
70,Miller LLC,SMB
71,Robbins-Oconnor,Mid-Market
72,"Sanders, Acevedo and Neal",Mid-Market
73,Morales-Bell,Enterprise
74,Perez-Gregory,Mid-Market
75,Vance Inc,SMB
76,Acosta-Sanchez,Mid-Market
77,Williams-Garrett,Mid-Market
78,Cannon Group,Enterprise
79,Barnes-Bell,SMB
80,"Adams, Cuevas and King",Enterprise
81,Johnson Inc,Enterprise
82,Harrison-Sharp,SMB
83,Marquez Inc,Enterprise
84,Scott Group,SMB
85,Mathis PLC,Enterprise
86,"Mueller, Arellano and Baxter",SMB
87,"Boyer, Simpson and Johnson",SMB
88,Hoffman-Hall,Mid-Market
89,Cannon-Kane,Mid-Market
90,Holden-Harper,SMB
91,Williams Group,Enterprise
92,Stevens-Moran,Enterprise
93,Taylor-Castillo,Enterprise
94,Torres Group,Enterprise
95,Cline-Lewis,SMB
96,Rodriguez-Bowman,Mid-Market
97,Johnson Group,SMB
98,"Lopez, Daniel and Morrow",Mid-Market
99,"Lawrence, Diaz and Moyer",Mid-Market
100,"Parsons, Jackson and Green",Enterprise
101,Kramer-Butler,SMB
102,Chavez LLC,Enterprise
103,"Johnson, Patterson and Watkins",Enterprise
104,Thomas-Shannon,Mid-Market
105,"Wade, Campbell and Skinner",Mid-Market
106,Walker PLC,Enterprise
107,"Thomas, Hall and Taylor",SMB
108,"Smith, Lewis and Gonzalez",SMB
109,Lewis Inc,Mid-Market
110,Burns-Snyder,Enterprise
111,Medina-Ruiz,Enterprise
112,Henry PLC,Enterprise
113,Parsons PLC,Enterprise
114,Bennett Ltd,SMB
115,Sanchez Group,Mid-Market
116,Murray Ltd,SMB
117,Walker and Sons,Mid-Market
118,Callahan-Reed,SMB
119,"Anderson, Perry and Lopez",Mid-Market
120,Jackson-Johnson,Mid-Market
121,"Hardy, Poole and Hicks",SMB
122,"Cline, Torres and Novak",SMB
123,"Anderson, Gregory and Alvarez",Enterprise
124,"Jensen, Cooper and Clay",Mid-Market
125,"Jones, Moore and Hill",Enterprise
126,Ayala LLC,Mid-Market
127,Dennis-Jimenez,Mid-Market
128,Dunn-Foster,Enterprise
129,Brown PLC,Mid-Market
130,"King, Koch and Humphrey",Mid-Market
131,Johns PLC,Enterprise
132,Dawson LLC,Enterprise
133,Jordan Group,SMB
134,Rose LLC,Mid-Market
135,Mitchell-Hodge,Enterprise
136,Vasquez Group,SMB
137,"Bell, Grant and Hoffman",Enterprise
138,"Byrd, Jones and Kennedy",Enterprise
139,"Hendrix, Fisher and Mcmillan",SMB
140,Alvarez Group,SMB
141,Martinez-Duran,SMB
142,Bates-Garcia,Mid-Market
143,Herrera-Hoover,Enterprise
144,Sampson Inc,Mid-Market
145,"Herman, Smith and Sharp",SMB
146,"Watkins, Yoder and Prince",Enterprise
147,"Carpenter, Bell and Hodges",Mid-Market
148,Moore and Sons,Enterprise
149,"Hughes, Robertson and Young",Mid-Market
150,"Little, Lara and Pearson",SMB
151,Soto-Harrison,Enterprise
152,Parsons-Lopez,SMB
153,Cain PLC,Mid-Market
154,Cunningham-Gomez,SMB
155,Lewis-Warren,SMB
156,Barr LLC,SMB
157,Hughes Ltd,SMB
158,"Hardy, Smith and Serrano",SMB
159,Lane PLC,SMB
160,"Gomez, Dougherty and Robinson",SMB
161,Walker Inc,Mid-Market
162,"Alvarez, Long and Jackson",Mid-Market
163,Jenkins Group,Enterprise
164,Johnson-Hart,SMB
165,Dixon PLC,SMB
166,"Myers, Barnett and Fisher",Enterprise
167,Stein Ltd,Enterprise
168,Liu and Sons,SMB
169,Golden-Lawson,SMB
170,Williams PLC,SMB
171,Jordan LLC,SMB
172,Forbes-Roberson,SMB
173,Keller-Acevedo,Enterprise
174,Cook-Johnson,SMB
175,"Castaneda, Armstrong and Gilbert",Enterprise
176,"Brown, Davis and White",SMB
177,Russo-Mcmahon,SMB
178,Bell PLC,Enterprise
179,Davis Inc,Enterprise
180,Wilkins Inc,Mid-Market
181,Stewart and Sons,Enterprise
182,"Park, Ward and Porter",Enterprise
183,Miller-Knox,Mid-Market
184,Weeks-Simmons,Mid-Market
185,Mitchell-Rocha,Enterprise
186,Klein Inc,Enterprise
187,"Adams, Sullivan and Randolph",Enterprise
188,Blankenship PLC,Enterprise
189,Rodriguez-Hayes,Mid-Market
190,"Savage, Massey and Nelson",Mid-Market
191,Petty-Jackson,Enterprise
192,"Salazar, Thompson and Hood",Enterprise
193,Beard PLC,Mid-Market
194,Shelton PLC,Mid-Market
195,White PLC,Mid-Market
196,Ware Inc,SMB
197,"Johnson, White and Norton",Mid-Market
198,Jordan LLC,Enterprise
199,"Rhodes, Jones and Osborn",Mid-Market
200,Edwards-Pearson,Mid-Market
201,Cook-Wolf,Enterprise
202,"Delgado, Powers and Lopez",Enterprise
203,Schneider-White,Enterprise
204,Bailey-Coleman,Enterprise
205,Anderson-Williams,Mid-Market
206,Richardson-Robinson,Enterprise
207,Cruz Ltd,Enterprise
208,Bass and Sons,Mid-Market
209,"Burch, Ross and Carter",Enterprise
210,Thomas Ltd,SMB
211,"Robinson, Figueroa and Rodriguez",SMB
212,Jones Group,Mid-Market
213,Williams-Rodriguez,Mid-Market
214,Olson-Sheppard,SMB
215,Eaton-Farmer,Mid-Market
216,Doyle LLC,SMB
217,Rodriguez-Melendez,Mid-Market
218,Carpenter and Sons,Mid-Market
219,"Ramos, White and Wilson",Enterprise
220,"Walker, Wood and Crawford",Mid-Market
221,Young Ltd,Enterprise
222,"Hayes, George and Savage",Enterprise
223,Harvey-Hayes,Enterprise
224,Ward-Foley,Enterprise
225,"Jones, Hopkins and Vargas",Enterprise
226,Sanders-Martin,Mid-Market
227,Murray Inc,Mid-Market
228,Garcia-Bray,Enterprise
229,Cochran PLC,SMB
230,Krueger-Chapman,SMB
231,Mack and Sons,Enterprise
232,Watkins and Sons,SMB
233,Ramirez-Contreras,Mid-Market
234,"Valdez, Miles and Martinez",Enterprise
235,Sanchez-Romero,Mid-Market
236,Contreras-Goodman,Mid-Market
237,Garcia-Smith,Mid-Market
238,Hale-Crawford,SMB
239,Gonzalez PLC,SMB
240,Mckay-Stewart,Mid-Market
241,"Stone, Nguyen and Norris",Mid-Market
242,Perkins-Stephens,SMB
243,"Gomez, Bryan and Reed",Mid-Market
244,"Obrien, Reeves and Brady",Mid-Market
245,"Le, West and Torres",Mid-Market
246,Rangel Inc,Mid-Market
247,Charles Inc,Mid-Market
248,"Bolton, Salas and Rosario",Mid-Market
249,Vaughn-Hendricks,Mid-Market
250,Carter-Webb,Mid-Market
251,"Lozano, Mooney and Allen",Mid-Market
252,Miller Inc,SMB
253,Johnson PLC,Enterprise
254,Payne Group,Mid-Market
255,Moore-Ramirez,SMB
256,Garcia Inc,Mid-Market
257,Brown Inc,SMB
258,"Holmes, Lucas and Lopez",SMB
259,Cobb Inc,Mid-Market
260,Mckenzie-Brown,Enterprise
261,"Oconnor, Martinez and Vance",Mid-Market
262,Morris-Garcia,SMB
263,Campbell-Houston,Enterprise
264,Mosley PLC,Enterprise
265,Hartman-Ortiz,Enterprise
266,Moore-Obrien,Enterprise
267,Sanchez-Olson,Enterprise
268,"Riley, Walker and Cole",SMB
269,Austin-Fernandez,SMB
270,"Taylor, Clark and Dougherty",Mid-Market
271,Byrd Group,Enterprise
272,Stevens-Gill,SMB
273,"Gonzales, Bailey and Brown",Enterprise
274,Whitaker Inc,SMB
275,"Bradley, Simon and Sullivan",Mid-Market
276,Johnson Inc,Mid-Market
277,Chapman Inc,SMB
278,Aguilar-Gonzalez,SMB
279,"Campbell, Hebert and Johnston",Enterprise
280,Morales-Cox,Mid-Market
281,"Contreras, Thompson and Chen",Enterprise
282,"Cooper, Tucker and Norton",Enterprise
283,Crawford Ltd,Mid-Market
284,Atkinson-Compton,Mid-Market
285,Benitez-Diaz,Mid-Market
286,Henderson Inc,Enterprise
287,Woodard-Dixon,Mid-Market
288,Smith Group,Enterprise
289,Campbell-Shields,Mid-Market
290,Jarvis-Gonzalez,Mid-Market
291,Turner-Nelson,Enterprise
292,"Wright, Francis and Chan",Mid-Market
293,"Anderson, Whitney and Myers",Enterprise
294,"Perry, Cameron and Ward",SMB
295,Freeman PLC,SMB
296,Cooper-Blackwell,Mid-Market
297,Hughes-Garcia,SMB
298,"Mullen, Holmes and Atkinson",Enterprise
299,Wilson-Johnson,SMB
300,Collins-Adams,Mid-Market
301,Dunn-Vargas,SMB
302,"Stewart, Floyd and Hernandez",Mid-Market
303,"Harris, Robinson and Wright",Mid-Market
304,"Lopez, Simpson and Wright",SMB
305,Greene LLC,Mid-Market
306,Hayes-Graham,Enterprise
307,Petty-Harris,SMB
308,Torres Inc,Enterprise
309,"Arnold, Buchanan and Mcdonald",SMB
310,Williams-Spears,SMB
311,Turner LLC,Enterprise
312,Carter and Sons,SMB
313,Young LLC,SMB
314,Hicks-Anderson,SMB
315,Wheeler-Lee,Enterprise
316,"Sandoval, Avila and Fritz",SMB
317,Cooper Inc,Mid-Market
318,Duncan PLC,Enterprise
319,Sanders Ltd,SMB
320,"Cooper, Glass and Russell",Mid-Market
321,"Moore, Mcneil and Riggs",SMB
322,Burch PLC,Enterprise
323,King-Kennedy,SMB
324,Williams-Phillips,Mid-Market
325,Owens-Walters,Enterprise
326,"Johnson, Brown and Lynch",Enterprise
327,Nelson-Garcia,Mid-Market
328,Davis-Knapp,SMB
329,"Hamilton, Steele and Patel",Enterprise
330,Sullivan Group,Enterprise
331,Parks-Berry,Enterprise
332,Rosario PLC,SMB
333,Cortez Ltd,SMB
334,Lee-Wheeler,Enterprise
335,"Franklin, Cross and Gibson",Enterprise
336,"Martinez, Walker and Allen",Mid-Market
337,Cooper Ltd,SMB
338,Sharp Group,Enterprise
339,George Group,SMB
340,Green Inc,Enterprise
341,Brennan Group,Mid-Market
342,Rogers-Fletcher,Enterprise
343,"Clark, Martinez and Perez",Mid-Market
344,Martinez-Collins,Mid-Market
345,Thomas-Huff,SMB
346,Fernandez LLC,SMB
347,"Terry, Santos and Huber",Mid-Market
348,Leonard Group,Enterprise
349,"Carpenter, Dyer and Wise",SMB
350,"Ford, Calhoun and Martin",SMB
351,Webster PLC,Mid-Market
352,Flores PLC,SMB
353,Rios Inc,Mid-Market
354,Hammond-Ryan,Mid-Market
355,Clark Ltd,SMB
356,"Smith, Hines and Luna",SMB
357,Allen and Sons,SMB
358,"Garcia, Newman and Harvey",Enterprise
359,Jackson PLC,Mid-Market
360,Donaldson PLC,Enterprise
361,Briggs and Sons,Mid-Market
362,"Velazquez, Rivers and Griffith",Mid-Market
363,Browning-Stephens,Mid-Market
364,"Jones, Singh and Smith",SMB
365,Garcia-Parker,Enterprise
366,Phillips and Sons,Enterprise
367,Miles Group,Enterprise
368,Miller Inc,Mid-Market
369,"Allison, Trujillo and Crawford",SMB
370,Robinson-Davis,Mid-Market
371,Kelly-Daniels,Mid-Market
372,"Garza, Yates and Kelly",Mid-Market
373,"Rogers, Norris and Holland",Enterprise
374,Perry-Bright,Mid-Market
375,Floyd Inc,SMB
376,Johns Group,SMB
377,Pitts-Trujillo,SMB
378,Smith and Sons,SMB
379,Smith-Mueller,Enterprise
380,"Powell, Harrington and Robinson",SMB
381,Perez-Allen,Enterprise
382,Rhodes-Davis,Enterprise
383,Allen-English,Mid-Market
384,"Pierce, Heath and Gonzalez",Enterprise
385,Johnson Group,Mid-Market
386,Turner and Sons,Mid-Market
387,Meyer LLC,SMB
388,Hall-Harvey,Enterprise
389,Osborne-Gillespie,SMB
390,"Perez, Stewart and Huerta",Mid-Market
391,"Mack, Guzman and Steele",Mid-Market
392,Parker LLC,SMB
393,"Williams, Vargas and Williams",Enterprise
394,"Contreras, Torres and King",Mid-Market
395,"Garcia, Terry and Smith",Enterprise
396,Baird and Sons,SMB
397,Vargas-Jones,Mid-Market
398,Rodriguez-Martinez,Enterprise
399,Brennan-Parker,SMB
400,"Sanchez, Franklin and Galloway",SMB
401,Simpson Group,SMB
402,Pearson Inc,Enterprise
403,Dawson-Hart,Mid-Market
404,Stevens-Allen,SMB
405,Clark Inc,Mid-Market
406,Warren Group,Mid-Market
407,Daniel Group,Enterprise
408,Wolfe LLC,Mid-Market
409,"Parker, Wise and Jones",SMB
410,"Dean, Mclaughlin and Walker",Enterprise
411,"Stephens, Allen and Williamson",Mid-Market
412,"Hernandez, Foster and Doyle",Enterprise
413,Washington-Dodson,Mid-Market
414,Clements PLC,Enterprise
415,"Boone, Benitez and Martinez",Enterprise
416,Mccoy-Doyle,SMB
417,Gonzalez-Brooks,Mid-Market
418,Allen-Kemp,Mid-Market
419,"Dean, Rodriguez and Walker",SMB
420,Wright-Chan,Mid-Market
421,Morgan-Martin,Enterprise
422,Kirby and Sons,Mid-Market
423,Jennings-Bishop,Enterprise
424,"Cain, Gibson and Nguyen",Enterprise
425,Chavez-Zimmerman,SMB
426,Carey PLC,Enterprise
427,Allen PLC,Enterprise
428,Crawford-Johnson,SMB
429,Chaney-Mcdonald,SMB
430,"Gonzalez, Robinson and Guerrero",Mid-Market
431,"Lee, Wells and Rodriguez",Enterprise
432,Stark-Huff,Enterprise
433,"Snow, Peterson and Hudson",Mid-Market
434,Ramirez and Sons,Mid-Market
435,Duncan-Stephens,Enterprise
436,Christensen PLC,Mid-Market
437,Peterson-Williams,SMB
438,"Cantrell, Solis and Brown",Enterprise
439,"Lyons, Haynes and Wood",Enterprise
440,Morales LLC,Mid-Market
441,Shelton-Howe,SMB
442,"Stephens, Hawkins and Meyer",Enterprise
443,Rowe LLC,Enterprise
444,Santiago-Gray,SMB
445,"Smith, Donovan and Guerrero",Enterprise
446,Rogers-Cruz,Enterprise
447,Briggs-Black,Mid-Market
448,Smith-Robinson,SMB
449,"Torres, Jenkins and Maynard",Mid-Market
450,Arnold and Sons,Mid-Market
451,Hale-White,Mid-Market
452,Hernandez-Miller,Mid-Market
453,Reynolds-Rodriguez,Enterprise
454,"Oneal, Marquez and Stanley",Mid-Market
455,"Burgess, Cardenas and Morris",SMB
456,"Gillespie, Ward and Owen",Enterprise
457,"Buck, Atkins and Chambers",Mid-Market
458,"Randall, Dudley and Kennedy",Mid-Market
459,Santana and Sons,Enterprise
460,Brock Ltd,Mid-Market
461,Miller and Sons,Mid-Market
462,Lyons PLC,Mid-Market
463,Sandoval Group,SMB
464,"Smith, Quinn and Contreras",Mid-Market
465,"Morgan, Booth and Lewis",Mid-Market
466,"Hamilton, Weeks and Small",SMB
467,"Griffin, Davis and Hubbard",SMB
468,Mccarty LLC,Mid-Market
469,Rodgers-Collins,SMB
470,"Williams, Williams and Rivers",Enterprise
471,Guzman Group,Mid-Market
472,"Johnson, Ward and Avila",Enterprise
473,Cantrell LLC,Mid-Market
474,"Murphy, Glover and Coleman",Mid-Market
475,"Martin, Williams and Brown",Enterprise
476,"Gonzalez, Malone and Frederick",Mid-Market
477,"Roman, Nichols and Roberts",Enterprise
478,Wagner LLC,Enterprise
479,"Hanson, Howard and Thompson",SMB
480,Bradford-Scott,Enterprise
481,"Campbell, Golden and Torres",SMB
482,Le LLC,Mid-Market
483,Wood-Allen,Enterprise
484,Stafford and Sons,Mid-Market
485,Hall-Jones,Mid-Market
486,"Shepard, Clarke and Lee",Enterprise
487,Chang-Rogers,SMB
488,Pratt-Moore,Enterprise
489,Ibarra-Wolf,SMB
490,Williams-Ford,Enterprise
491,Chaney LLC,Mid-Market
492,King-Garcia,SMB
493,Chandler Inc,Mid-Market
494,Farrell-Perkins,Enterprise
495,Price-Hall,Enterprise
496,Perry PLC,Mid-Market
497,Martinez-Andrade,Enterprise
498,King Inc,Mid-Market
499,Silva-Delacruz,Enterprise
500,"Torres, Dominguez and Strong",Mid-Market
501,Cook Ltd,Mid-Market
502,Smith-Ayala,Enterprise
503,Young-Ray,SMB
504,Mosley LLC,Enterprise
505,Harrison-Jimenez,Mid-Market
506,Smith-Kelly,Mid-Market
507,Hall-Harris,Enterprise
508,Newton Inc,SMB
509,"Smith, Davis and Myers",Mid-Market
510,Hanson-Boyd,Mid-Market
511,White LLC,Enterprise
512,"Ramirez, Mendoza and Jackson",SMB
513,Miller PLC,Mid-Market
514,Kirby LLC,SMB
515,Wolf Inc,Mid-Market
516,Richardson-Coleman,SMB
517,"Rubio, Pope and Turner",Enterprise
518,Pham-Knight,Mid-Market
519,Dickerson-Adams,Enterprise
520,Scott-Montoya,SMB
521,"Sullivan, Schneider and Gilbert",Mid-Market
522,House Ltd,SMB
523,Ellis-Kennedy,Enterprise
524,Matthews-Smith,Mid-Market
525,Willis Inc,SMB
526,"Keller, Brown and Hayden",SMB
527,Dodson PLC,SMB
528,Moody LLC,Mid-Market
529,Wright-Jones,SMB
530,Jones Inc,Enterprise
531,Manning PLC,Enterprise
532,Wright LLC,SMB
533,"Miller, Jones and Johnson",SMB
534,Clark LLC,SMB
535,Howe-Collins,SMB
536,Green Inc,Enterprise
537,Tapia-Holland,SMB
538,"Dunlap, Smith and Hardin",Mid-Market
539,Armstrong LLC,SMB
540,Brown and Sons,SMB
541,Bowen-Cervantes,Enterprise
542,Johnson Group,Enterprise
543,Webster Ltd,Mid-Market
544,Ross-Herrera,SMB
545,Dickson-Kelly,Enterprise
546,Li PLC,SMB
547,"Watts, Brown and Munoz",Mid-Market
548,Grimes-Duran,Mid-Market
549,"Hawkins, Roberts and Wolf",Mid-Market
550,"Garza, Adams and Hayes",Enterprise
551,Adams-Jenkins,Enterprise
552,"Burch, Garcia and Davis",SMB
553,Flores Ltd,Enterprise
554,Vargas-Bowman,SMB
555,Hill Ltd,Mid-Market
556,"Mitchell, Ortega and Marshall",Enterprise
557,Ramirez-Carpenter,Mid-Market
558,Tyler Inc,SMB
559,Ortega-Cook,SMB
560,Williams Group,SMB
561,Austin-Cross,SMB
562,Miller Inc,Enterprise
563,"Mullen, Mckee and Gomez",Mid-Market
564,"Buckley, Goodman and Figueroa",SMB
565,"Roberts, Chavez and Anderson",SMB
566,Barnes LLC,Enterprise
567,Smith-Davis,Mid-Market
568,Torres-Reilly,Enterprise
569,Wells-Young,SMB
570,"Green, White and Hansen",Mid-Market
571,Lopez Ltd,Mid-Market
572,"Klein, Kline and Baker",Enterprise
573,"Hughes, Dawson and Hubbard",SMB
574,"Meyer, Reese and Taylor",Mid-Market
575,David and Sons,Mid-Market
576,"Warren, Shepherd and Peters",SMB
577,Bishop LLC,SMB
578,Sanford-Davis,SMB
579,"Terry, Williams and Hooper",Mid-Market
580,Ramsey PLC,SMB
581,"Taylor, Mccormick and Kent",Mid-Market
582,"Liu, Scott and Cortez",SMB
583,"Cantu, Pena and Walton",Mid-Market
584,"Wilson, Reyes and Rowe",Enterprise
585,Carr PLC,SMB
586,Oneill PLC,SMB
587,"Brown, Moreno and Nguyen",SMB
588,Hess PLC,Mid-Market
589,Knight Ltd,Mid-Market
590,"Chandler, Cox and Martinez",Mid-Market
591,"Harris, Conrad and Walker",Mid-Market
592,Stuart-Kelley,Mid-Market
593,"Smith, Hanson and Evans",Enterprise
594,Chan LLC,Mid-Market
595,"Steele, Williams and Arroyo",Mid-Market
596,"Davidson, King and Patton",Mid-Market
597,Martinez Ltd,Enterprise
598,Patterson-Medina,SMB
599,Smith-Mckay,SMB
600,Saunders-Lopez,SMB
